지역,2015.01,2015.02,2015.03,2015.04,2015.05,2015.06,2015.07,2015.08,2015.09,2015.1,2015.11,2015.12,2016.01,2016.02,2016.03,2016.04,2016.05,2016.06,2016.07,2016.08,2016.09,2016.1,2016.11,2016.12,2017.01,2017.02,2017.03,2017.04,2017.05,2017.06,2017.07,2017.08,2017.09,2017.1,2017.11,2017.12,2018.01,2018.02,2018.03,2018.04,2018.05,2018.06,2018.07,2018.08,2018.09,2018.1,2018.11,2018.12,2019.01,2019.02,2019.03,2019.04,2019.05,2019.06,2019.07,2019.08,2019.09,2019.1,2019.11,2019.12,2020.01,2020.02,2020.03,2020.04,2020.05,2020.06,2020.07,2020.08,2020.09,2020.1,2020.11,2020.12
강원도 강릉,108,146,147,115,117,106,85,103,70,95,81,121,127,133,168,159,154,134,102,84,113,116,140,118,138,139,173,136,148,110,96,74,104,90,100,104,114,106,112,121,110,91,83,70,75,59,103,78,110,117,147,84,110,80,71,64,55,68,101,81,67,89,84,83,68,96,38,50,60,73,89,96
강원도 고성,94,100,106,76,77,71,48,50,45,64,67,81,94,100,106,76,77,71,48,50,45,64,67,81,94,100,106,76,77,71,48,50,45,64,67,81,94,100,106,76,77,71,48,50,45,64,67,79,123,116,136,77,100,64,58,63,47,60,67,84,68,85,80,79,57,75,35,40,43,67,67,82
강원도 동해,102,133,147,114,115,95,74,78,61,74,81,88,104,108,139,135,129,95,70,68,77,83,104,84,104,102,140,121,127,98,84,46,71,56,89,96,100,108,107,119,112,99,90,61,63,64,95,79,110,121,145,92,111,84,80,67,52,58,75,75,66,88,84,83,69,81,46,79,66,73,77,76
강원도 삼척,102,122,136,107,112,103,86,103,62,72,79,87,104,109,146,148,136,128,94,85,101,96,114,97,116,112,146,118,126,110,101,62,84,64,92,95,107,111,107,119,100,84,82,50,52,58,93,73,106,118,144,86,98,81,76,63,50,58,56,67,64,79,72,74,64,77,43,61,51,60,62,55
강원도 속초,85,105,123,90,88,82,60,58,50,62,69,56,85,105,123,90,88,82,60,58,50,62,69,56,85,105,123,90,88,82,60,58,50,62,69,56,85,105,123,90,88,82,60,58,50,62,69,56,118,130,155,94,111,77,70,67,46,56,58,73,52,83,88,86,66,88,49,49,50,65,80,39
강원도 양구,124,118,129,92,88,77,48,53,40,67,90,113,124,118,129,92,88,77,48,53,40,67,90,113,124,118,129,92,88,77,48,53,40,67,90,113,124,118,129,92,88,77,48,53,40,67,90,113,144,131,165,91,111,72,62,64,46,64,95,121,105,106,96,93,66,82,38,42,38,70,84,105
강원도 양양,86,93,104,76,78,71,48,48,41,58,66,74,86,93,104,76,78,71,48,48,41,58,66,74,86,93,104,76,78,71,48,48,41,58,66,74,86,93,104,76,78,71,48,48,41,58,66,74,98,98,126,77,100,68,58,58,41,58,66,71,71,85,80,79,56,74,35,42,41,58,63,77
강원도 영월,167,161,161,107,103,89,54,63,52,85,112,120,167,161,161,107,103,89,54,63,52,85,112,120,167,161,161,107,103,89,54,63,52,85,112,120,167,161,161,107,103,89,54,63,52,85,112,120,201,184,209,101,118,81,64,75,51,76,115,133,136,137,116,110,87,100,42,51,53,93,110,104
강원도 원주,226,262,223,138,167,122,99,110,77,147,125,192,210,176,214,188,162,134,91,89,106,118,198,204,233,209,210,163,153,116,87,58,93,86,156,183,194,162,174,158,129,126,98,63,68,79,150,144,205,191,205,107,130,104,82,81,57,76,107,133,129,120,110,101,75,96,47,62,45,79,104,129
강원도 인제,90,96,83,87,85,76,51,55,38,58,76,101,90,96,83,87,85,76,51,55,38,58,76,101,90,96,83,87,85,76,51,55,38,58,76,101,90,96,83,87,85,76,51,55,38,58,76,101,90,96,83,83,109,73,64,66,39,54,73,106,90,96,83,88,60,82,37,41,37,65,81,95
강원도 정선,114,120,122,88,102,92,56,55,48,70,89,105,114,120,122,88,102,92,56,55,48,70,89,105,114,120,122,88,102,92,56,55,48,70,89,105,114,120,122,88,102,92,56,55,48,70,89,105,136,125,147,77,117,83,72,74,47,68,88,113,96,112,96,99,84,105,39,39,45,71,93,94
강원도 철원,154,132,154,99,100,80,55,50,49,75,111,126,154,132,154,99,100,80,55,50,49,75,111,126,154,132,154,99,100,80,55,50,49,75,111,126,154,132,154,99,100,80,55,50,49,75,111,126,184,150,188,90,115,66,56,44,44,71,108,136,123,118,119,107,89,98,55,58,51,78,114,118
강원도 춘천,176,215,186,118,122,88,80,95,74,127,119,189,173,155,181,167,133,106,80,67,79,88,168,162,184,158,171,123,143,109,89,43,79,64,120,145,156,153,138,132,105,85,67,48,53,69,125,124,180,155,177,87,121,82,67,66,44,70,108,137,138,129,117,103,78,94,44,48,47,85,106,130
강원도 태백,93,116,127,101,106,98,67,70,56,69,86,85,93,116,127,101,106,98,67,70,56,69,86,85,93,116,127,101,106,98,67,70,56,69,86,85,93,116,127,101,106,98,67,70,56,69,86,85,93,113,149,87,117,88,91,88,64,79,98,99,93,115,105,115,95,107,43,50,48,62,70,68
강원도 평창,148,137,146,115,99,91,63,69,56,72,110,106,148,137,146,115,99,91,63,69,56,72,110,106,148,137,146,115,99,91,63,69,56,72,110,106,146,125,139,138,98,85,59,73,55,80,126,116,182,164,194,103,122,90,77,80,57,70,100,130,114,122,104,104,79,97,49,55,56,62,107,68
강원도 홍천,152,158,164,100,92,83,48,57,44,80,111,152,152,158,164,100,92,83,48,57,44,80,111,152,152,158,164,100,92,83,48,57,44,80,111,152,152,158,164,100,92,83,48,57,44,80,111,152,152,173,193,84,101,66,50,65,47,77,121,159,152,143,132,117,83,100,42,49,45,79,104,148
강원도 화천,101,112,127,87,80,69,49,50,40,60,81,105,101,112,127,87,80,69,49,50,40,60,81,105,101,112,127,87,80,69,49,50,40,60,81,105,101,112,127,87,80,69,49,50,40,60,81,105,101,121,155,83,100,67,56,57,40,56,81,111,101,106,98,90,63,74,39,40,38,64,78,102
강원도 횡성,162,152,172,104,100,91,56,61,41,77,109,130,162,152,172,104,100,91,56,61,41,77,109,130,162,152,172,104,100,91,56,61,41,77,109,130,162,152,172,104,100,91,56,61,41,77,109,115,177,162,225,105,129,92,70,74,50,79,113,151,144,145,123,105,71,89,39,48,35,78,104,128
경기도 가평,155,181,176,106,101,77,50,47,45,92,101,130,154,145,167,129,101,82,49,41,61,79,130,139,180,162,184,125,114,68,59,21,54,53,117,158,151,132,157,123,92,83,51,42,41,65,107,103,166,141,161,76,98,59,43,50,34,56,83,110,108,104,95,88,71,89,45,52,42,78,104,129
경기도 고양,158,181,191,125,131,109,87,81,74,104,121,149,164,147,192,156,145,118,85,75,82,93,140,140,166,149,209,167,168,128,111,67,112,96,145,171,175,161,168,136,117,102,58,63,59,94,161,129,182,157,208,107,146,88,93,74,59,82,110,125,127,114,115,106,103,111,77,71,58,89,114,115
경기도 과천,151,178,172,109,106,91,75,70,66,97,108,136,148,137,168,136,117,100,80,71,76,92,129,120,142,122,163,133,137,107,108,65,101,81,122,138,146,152,161,132,108,100,76,57,65,74,141,121,183,167,199,91,125,75,74,70,53,72,98,124,126,124,120,107,85,99,59,64,50,86,109,123
경기도 광명,157,180,182,118,118,101,83,78,78,113,124,150,159,144,182,149,131,113,87,80,89,99,145,131,142,126,166,144,163,128,118,72,122,105,136,158,159,155,173,139,115,111,75,60,67,89,173,141,199,173,223,107,138,85,83,79,68,92,118,138,146,140,133,113,94,106,61,64,56,101,130,139
경기도 광주,187,206,197,128,129,104,107,81,74,111,139,174,186,168,188,150,134,106,81,76,79,99,161,175,196,175,193,160,169,109,106,90,93,101,182,217,202,171,183,140,99,106,78,57,68,92,180,155,229,204,233,112,140,80,66,64,49,74,113,159,147,149,138,118,89,106,56,61,50,95,133,151
경기도 구리,150,217,195,129,134,120,116,98,96,137,130,197,183,157,200,201,171,130,99,106,138,142,190,182,216,178,217,157,164,121,108,72,115,99,147,169,161,149,160,126,102,84,66,68,60,93,159,136,203,176,199,101,130,80,90,83,59,79,112,138,134,131,127,112,93,105,56,58,50,82,109,126
경기도 군포,154,177,193,130,141,121,95,78,73,110,120,133,140,134,174,144,135,115,95,82,96,104,140,134,158,148,215,166,158,121,96,44,103,78,134,146,159,151,163,147,138,128,72,68,67,100,175,122,177,159,210,122,151,99,103,73,66,93,106,127,125,120,123,109,104,114,69,61,59,90,112,114
경기도 김포,161,221,196,135,124,105,90,104,90,133,120,176,162,134,184,194,160,126,108,107,134,155,227,221,225,178,228,166,160,110,95,56,109,95,144,174,152,150,173,135,114,107,49,51,45,88,167,141,201,166,216,113,152,78,81,67,67,96,115,144,141,123,130,114,100,102,73,69,67,105,133,143
경기도 남양주,161,195,188,113,111,96,78,69,67,90,114,145,159,145,170,130,112,98,76,63,74,82,135,143,164,149,165,120,125,98,96,53,98,85,136,163,155,147,169,133,105,101,70,53,57,81,148,132,192,169,199,98,131,89,81,73,54,74,110,137,127,129,121,107,91,101,48,56,46,81,110,127
경기도 동두천,192,193,214,143,137,112,92,79,60,111,128,170,179,143,190,165,137,116,85,66,75,94,152,161,189,151,222,176,175,137,123,75,81,98,161,184,166,155,172,138,107,94,49,47,51,80,172,154,203,165,200,105,135,88,75,61,54,81,119,144,162,113,112,107,85,90,51,54,46,65,90,120
경기도 부천,151,214,190,133,131,103,93,117,76,180,130,198,181,159,208,195,154,122,85,80,88,96,135,132,134,127,182,135,152,104,85,50,96,86,111,162,175,159,181,145,117,127,76,67,72,103,196,150,208,186,235,141,169,116,123,108,96,120,141,154,155,141,148,135,135,137,88,67,65,111,136,130
경기도 성남,131,173,157,110,110,95,87,105,68,109,83,115,119,105,152,147,132,120,87,96,104,95,127,128,143,125,165,134,140,120,115,71,106,85,128,150,157,147,155,129,107,107,80,61,70,83,152,124,181,159,193,88,123,81,80,75,57,75,102,130,128,127,122,106,87,102,59,64,51,83,107,119
경기도 수원,140,181,169,114,119,103,86,103,83,134,110,138,133,121,162,166,140,124,93,109,118,107,148,142,160,136,190,147,153,118,109,63,99,79,113,134,141,138,151,130,108,111,78,59,66,85,158,119,183,166,207,101,137,87,84,84,63,80,105,130,134,126,122,100,91,105,64,69,56,93,117,122
경기도 시흥,182,198,200,139,136,114,88,84,90,122,139,156,171,154,187,157,141,117,88,84,99,113,158,153,180,161,195,151,151,101,101,74,128,106,143,157,168,158,185,155,138,133,74,72,70,110,201,145,208,191,247,145,179,105,93,84,85,112,131,157,162,137,124,108,107,114,77,70,67,107,135,132
경기도 안산,153,189,175,126,115,100,81,91,82,133,124,178,151,138,180,171,148,132,96,108,119,111,152,149,168,142,188,144,143,110,113,69,106,88,122,142,164,154,155,127,107,103,72,53,62,83,159,125,183,166,197,96,127,76,77,81,66,84,104,126,142,125,112,91,80,87,55,58,49,84,112,126
경기도 안성,182,196,225,133,128,101,71,72,69,102,133,156,176,156,199,165,135,107,66,64,73,110,166,182,201,185,237,161,133,88,61,43,92,96,149,161,187,164,204,152,127,143,91,56,59,102,210,150,222,212,240,122,139,81,62,71,55,88,134,147,152,145,146,118,94,97,56,58,59,121,143,159
경기도 안양,159,174,175,121,119,103,74,72,72,105,124,153,163,149,178,147,126,107,73,69,83,97,148,147,163,136,167,144,126,90,74,45,93,92,147,170,171,166,184,154,130,129,69,62,68,95,168,133,194,169,212,105,139,86,83,73,58,78,111,148,148,133,127,112,105,117,71,61,62,98,122,120
경기도 양주,188,190,196,122,118,101,80,73,68,104,139,195,201,158,188,149,126,104,68,57,76,112,164,163,186,160,214,164,161,112,93,51,77,123,179,216,213,177,158,122,121,110,52,50,51,100,193,164,228,175,208,97,125,78,82,69,65,97,119,129,125,115,110,103,92,96,55,47,46,87,131,136
경기도 양평,159,180,175,109,111,96,75,64,68,90,91,134,149,133,166,145,113,105,81,80,83,77,134,148,172,163,178,132,140,114,102,58,78,70,139,150,159,142,150,127,100,101,90,53,66,72,127,118,193,168,189,86,118,84,71,76,50,71,100,126,125,122,113,102,81,102,53,58,50,90,123,149
경기도 여주,202,209,201,121,136,111,74,75,75,138,156,183,202,179,195,143,127,104,84,116,120,143,226,231,229,204,221,154,145,112,87,55,86,86,160,166,183,162,173,132,109,98,68,40,43,88,166,153,225,208,224,112,147,98,53,61,68,100,151,172,155,150,133,116,103,114,52,57,61,108,139,171
경기도 연천,147,171,193,124,106,75,52,52,53,71,111,143,155,135,168,137,101,77,50,42,98,108,184,182,201,176,214,163,117,78,64,28,71,70,136,155,144,122,152,108,74,56,21,29,30,52,113,107,145,133,168,84,109,60,56,45,39,62,93,115,108,87,94,88,68,76,41,47,44,66,92,108
경기도 오산,174,189,203,130,136,113,78,79,77,118,131,144,168,154,191,154,144,121,81,79,88,107,149,141,174,159,216,159,171,136,117,64,112,97,134,138,173,161,174,144,131,125,67,70,62,115,197,139,214,188,239,125,141,86,78,61,54,73,110,128,136,130,123,98,90,101,46,45,45,85,107,111
경기도 용인,176,199,203,123,127,110,83,89,85,109,124,154,167,154,183,139,125,110,80,105,112,102,142,157,169,150,201,152,153,122,108,73,102,88,141,170,178,153,165,132,107,103,75,54,62,84,164,129,195,184,212,97,140,86,72,73,60,82,119,155,147,143,139,113,86,98,53,58,50,99,127,145
경기도 의왕,163,185,187,123,124,110,86,83,84,106,107,147,134,123,165,159,138,126,95,106,116,102,140,137,148,139,168,136,145,116,109,72,110,93,131,147,160,164,177,140,110,106,71,55,61,83,169,129,197,178,219,101,135,83,81,79,67,84,116,151,152,133,134,106,92,109,64,62,54,88,116,123
경기도 의정부,193,202,196,131,124,101,77,76,80,95,154,222,207,156,199,184,147,130,87,78,113,130,194,202,224,192,182,144,130,99,81,52,88,89,135,166,168,159,171,137,115,95,51,45,52,83,164,153,187,145,197,87,126,85,84,68,55,79,111,138,146,129,119,99,82,92,56,60,52,84,113,125
경기도 이천,172,211,215,141,147,125,95,88,83,98,124,156,176,161,193,159,140,134,94,94,82,105,163,167,197,178,220,169,165,119,81,47,105,96,162,167,186,163,188,154,130,120,76,54,50,96,175,149,215,208,223,115,141,100,75,66,54,89,124,149,152,142,133,112,97,114,63,68,65,105,130,146
경기도 파주,179,213,211,136,132,108,89,84,94,122,140,169,187,168,207,185,159,137,99,105,116,121,176,161,185,157,197,153,155,120,109,69,112,105,145,170,165,166,161,137,108,99,69,64,68,97,174,146,217,177,218,111,148,85,87,84,75,105,131,155,150,139,134,115,88,94,65,62,55,100,131,147
경기도 평택,187,187,226,144,160,143,98,90,96,141,144,157,188,163,212,175,162,145,91,87,111,127,171,157,192,166,255,195,200,170,104,73,146,125,159,158,203,170,187,167,159,144,75,71,80,121,209,152,215,196,244,134,166,117,98,88,78,100,123,134,139,126,131,102,109,115,75,69,67,111,129,129
경기도 포천,202,202,203,136,117,92,82,77,81,95,146,209,214,172,193,200,102,71,58,60,94,117,200,209,217,174,205,131,121,87,91,45,93,105,156,200,177,159,157,135,99,93,58,56,58,90,160,148,226,182,202,94,119,74,72,66,50,77,124,155,155,138,131,109,80,86,48,51,41,85,116,151
경기도 하남,146,186,157,99,103,85,112,102,67,118,98,140,139,117,152,141,126,110,84,88,93,87,136,134,164,151,195,142,141,118,121,68,100,80,118,143,165,156,155,131,106,102,82,54,66,76,141,130,208,192,195,78,106,61,60,61,36,57,100,118,121,109,102,83,66,77,44,50,44,76,98,118
경기도 화성,174,184,195,126,132,114,89,81,85,127,131,157,173,156,195,158,144,120,81,75,89,107,155,154,181,162,214,160,160,116,86,46,97,86,142,165,182,166,173,139,120,112,59,66,62,106,193,136,200,181,228,117,152,103,99,82,76,99,122,142,144,128,127,104,102,114,73,70,67,103,123,125
경상남도 거제,120,158,143,119,121,132,92,113,98,112,98,115,124,125,135,136,147,115,72,101,100,97,128,106,114,106,133,124,128,118,100,69,103,84,116,103,99,124,110,144,105,104,94,76,65,83,113,93,114,124,127,96,117,91,59,82,60,68,81,71,82,102,87,82,85,85,61,86,63,72,75,75
경상남도 거창,117,116,118,89,93,88,54,63,55,92,112,107,117,116,118,89,93,88,54,63,55,92,112,107,117,116,118,89,93,88,54,63,55,92,112,107,117,116,118,89,93,88,54,63,55,92,112,107,125,134,144,89,96,86,62,67,51,92,103,112,108,101,93,88,87,89,46,60,60,92,117,99
경상남도 고성,91,97,86,75,83,72,52,69,54,66,76,77,91,97,86,75,83,72,52,69,54,66,76,77,91,97,86,75,83,72,52,69,54,66,76,77,91,97,86,75,83,72,52,69,54,66,76,77,103,113,113,82,94,84,61,77,63,65,81,81,76,80,63,67,72,60,41,62,49,65,67,76
경상남도 김해,92,121,118,94,119,113,92,93,67,94,82,101,108,103,112,120,121,113,90,99,93,83,116,107,110,91,111,97,107,99,104,71,85,65,104,101,107,114,93,115,99,107,94,62,60,82,141,117,131,133,135,95,116,96,83,90,68,66,92,106,96,99,81,81,81,76,54,80,62,77,85,95
경상남도 남해,102,114,102,89,104,83,54,75,54,62,78,85,102,114,102,89,104,83,54,75,54,62,78,85,102,114,102,89,104,83,54,75,54,62,78,85,102,114,102,89,104,83,54,75,54,62,78,85,114,131,132,92,104,95,64,77,60,64,89,93,89,96,75,85,101,71,44,72,52,56,68,76
경상남도 밀양,115,116,111,102,100,98,70,66,55,72,106,104,115,116,111,102,100,98,70,66,55,72,106,104,115,116,111,102,100,98,70,66,55,72,113,109,127,116,107,122,101,112,82,61,61,80,122,105,127,128,128,88,103,91,72,66,44,53,88,99,91,103,96,93,96,88,57,72,63,87,102,105
경상남도 사천,109,135,116,81,103,117,95,98,63,92,75,103,108,105,116,115,116,101,77,90,76,72,108,99,112,95,106,90,104,87,86,58,69,61,107,100,95,108,95,101,76,84,75,50,55,67,106,87,106,113,111,77,88,84,61,74,55,58,83,88,86,96,73,70,67,70,43,79,55,63,72,78
경상남도 산청,82,84,75,74,69,78,45,77,50,60,73,75,82,84,75,74,69,78,45,77,50,60,73,75,82,84,75,74,69,78,45,77,50,60,73,75,82,84,75,74,69,78,45,77,50,60,73,75,82,84,75,74,69,78,45,77,50,60,75,79,82,84,75,74,69,78,45,77,50,60,68,71
경상남도 양산,145,180,158,130,148,149,113,113,90,116,91,126,141,130,145,143,146,133,88,88,101,103,145,139,143,123,147,127,141,118,110,78,116,85,136,134,128,140,117,153,120,122,102,69,67,82,127,102,122,127,131,99,118,102,86,94,70,77,95,104,89,102,89,84,92,84,66,91,71,92,96,97
경상남도 의령,86,83,68,65,67,73,46,77,57,63,75,86,86,83,68,65,67,73,46,77,57,63,75,86,86,83,68,65,67,73,46,77,57,63,75,86,86,83,68,65,67,73,46,77,57,63,75,86,86,83,68,65,67,73,46,77,57,63,76,90,86,83,68,65,67,73,46,77,57,63,71,79
경상남도 진주,132,169,154,124,146,152,117,121,100,142,107,124,132,129,143,142,142,139,104,101,106,104,142,124,131,111,139,129,127,113,112,76,89,71,116,102,108,119,113,127,104,115,86,61,58,66,105,89,112,117,122,92,108,100,78,78,61,59,77,84,76,86,73,75,88,86,51,80,72,67,72,81
경상남도 창녕,100,99,81,80,82,84,58,88,68,84,93,101,100,99,81,80,82,84,58,88,68,84,93,101,100,99,81,80,82,84,58,88,68,84,93,101,100,99,81,80,82,84,58,88,68,84,93,101,100,99,81,80,82,84,58,88,68,84,91,102,100,99,81,80,82,84,58,88,68,84,98,100
경상남도 창원,125,156,140,113,138,140,113,117,82,121,108,137,141,128,146,145,139,113,82,95,107,107,142,130,131,118,144,126,138,124,116,90,105,85,125,121,121,129,113,135,103,114,96,69,71,91,135,111,128,131,129,96,112,94,78,85,68,68,86,97,89,94,75,78,82,72,57,81,63,71,78,82
경상남도 통영,101,119,108,100,101,92,66,70,60,65,88,86,101,119,108,100,101,92,66,70,60,65,88,86,101,119,108,100,101,92,66,70,60,65,92,91,114,129,120,134,106,110,85,66,72,80,118,101,123,134,134,96,119,102,75,81,59,59,76,73,67,91,67,73,76,62,39,67,49,58,61,75
경상남도 하동,155,192,190,127,160,172,139,126,73,120,86,102,101,108,131,137,150,129,90,100,103,99,133,106,128,121,149,133,136,116,110,69,93,82,129,124,120,125,114,124,83,82,45,31,33,54,88,67,92,118,113,78,99,105,84,77,53,46,66,69,71,91,75,77,73,69,41,72,49,59,70,74
경상남도 함안,112,114,100,83,84,79,56,70,63,76,97,108,112,114,100,83,84,79,56,70,63,76,97,108,112,114,100,83,84,79,56,70,63,76,97,108,112,114,100,83,84,79,56,70,63,76,97,108,125,125,116,83,90,86,64,66,60,76,99,106,96,99,86,80,79,69,48,70,66,76,95,106
경상남도 함양,104,106,110,84,88,86,49,58,62,66,80,88,104,106,110,84,88,86,49,58,62,66,80,88,104,106,110,84,88,86,49,58,62,66,80,88,104,106,110,84,88,86,49,58,62,66,80,88,116,127,141,82,94,84,56,60,47,60,84,90,91,86,83,86,82,86,42,55,77,74,78,84
경상남도 합천,76,74,69,71,71,77,47,75,56,58,71,76,76,74,69,71,71,77,47,75,56,58,71,76,76,74,69,71,71,77,47,75,56,58,71,76,76,74,69,71,71,77,47,75,56,58,71,76,76,74,69,71,71,77,47,75,56,58,72,77,76,74,69,71,71,77,47,75,56,58,70,75
경상북도 경산,152,170,158,106,113,110,95,85,72,106,124,152,153,148,140,117,114,102,88,82,77,84,143,147,152,143,141,111,130,116,104,86,93,84,151,148,143,159,154,131,101,105,107,53,57,89,175,146,181,171,161,98,111,100,79,90,65,72,107,141,121,123,100,98,102,98,66,84,69,86,112,136
경상북도 경주,138,142,126,102,108,108,94,68,50,72,87,88,109,104,100,91,93,80,69,66,58,73,103,97,119,110,109,91,102,90,82,67,62,79,116,102,127,125,110,111,104,92,109,60,58,84,150,111,143,140,140,93,113,89,69,71,52,66,90,94,102,100,86,84,80,77,46,71,56,78,90,95
경상북도 고령,89,90,78,84,89,91,60,83,65,64,81,90,89,90,78,84,89,91,60,83,65,64,81,90,89,90,78,84,89,91,60,83,65,64,81,90,89,90,78,84,89,91,60,83,65,64,81,90,89,90,78,84,89,91,60,83,65,57,79,91,89,90,78,84,89,91,60,83,65,73,86,89
경상북도 구미,151,160,149,103,112,110,78,77,77,96,115,133,148,136,135,119,113,96,63,58,84,92,146,133,148,124,138,111,115,99,82,59,91,79,132,149,166,165,146,153,122,116,89,66,75,99,167,137,178,167,162,95,107,91,82,69,56,65,102,126,116,112,101,94,85,84,51,65,64,88,122,123
경상북도 군위,67,104,91,83,69,70,34,51,39,66,93,106,67,104,91,83,69,70,34,51,39,66,93,106,67,104,91,83,69,70,34,51,39,66,93,106,67,104,91,83,69,70,34,51,39,66,93,106,67,104,91,83,69,70,34,51,39,66,93,106,67,104,91,83,69,70,34,51,39,66,93,106
경상북도 김천,155,172,182,119,116,136,94,89,91,144,135,177,173,154,183,147,113,109,76,75,115,124,183,151,154,137,161,123,119,100,78,54,97,103,136,119,159,162,157,149,121,101,64,75,75,119,200,146,176,182,203,97,95,91,79,67,66,79,104,130,115,115,108,110,99,94,49,59,55,80,106,104
경상북도 문경,140,103,93,85,67,75,34,48,47,79,116,123,140,103,93,85,67,75,34,48,47,79,116,123,136,103,93,85,67,75,34,48,47,79,116,123,141,103,93,85,67,75,34,48,47,79,116,123,173,103,93,85,67,75,34,48,47,79,116,123,115,103,93,85,67,75,34,48,47,79,116,123
경상북도 봉화,61,76,70,72,66,64,44,58,37,49,62,76,61,76,70,72,66,64,44,58,37,49,62,76,61,76,70,72,66,64,44,58,37,49,62,76,61,76,70,72,66,64,44,58,37,49,62,76,61,76,70,72,80,57,57,62,34,44,57,70,61,76,70,72,53,70,32,54,40,54,67,82
경상북도 상주,138,137,142,103,98,82,57,60,57,87,141,131,138,137,142,103,98,82,57,60,57,87,141,131,138,137,142,103,98,82,57,60,57,87,141,140,122,109,123,107,88,77,65,59,57,91,157,133,175,183,194,104,117,81,61,64,55,75,141,115,121,118,110,102,88,92,47,61,60,96,129,139
경상북도 성주,135,131,92,87,85,77,51,66,66,88,108,114,135,128,92,87,85,77,51,66,66,88,108,114,135,128,92,87,85,77,51,66,66,88,108,114,134,124,92,87,85,77,51,66,66,88,108,114,154,153,92,87,85,77,51,66,66,88,108,114,115,112,92,87,85,77,51,66,66,88,108,114
경상북도 안동,150,173,143,98,103,93,65,72,65,83,108,134,149,144,132,113,101,92,62,60,69,78,124,129,151,143,132,106,110,115,72,48,82,72,149,159,174,153,146,138,107,96,77,72,69,95,140,129,148,163,141,82,104,80,74,70,49,65,93,117,111,104,92,92,78,79,42,61,54,76,100,110
경상북도 영덕,82,87,73,74,57,61,34,71,46,54,66,81,82,87,73,74,57,61,34,71,46,54,66,81,82,87,73,74,57,61,34,71,46,54,66,81,82,87,73,74,57,61,34,71,46,54,66,81,82,87,73,74,57,61,34,71,46,54,66,82,82,87,73,74,57,61,34,71,46,54,66,77
경상북도 영양,118,117,83,78,58,51,19,37,37,65,78,100,118,114,83,78,58,51,19,37,37,65,78,100,118,114,83,78,58,51,19,37,37,65,78,100,118,114,83,78,58,51,19,37,37,65,78,100,127,129,83,78,58,51,19,37,37,65,78,100,106,105,83,78,58,51,19,37,37,65,78,100
경상북도 영주,185,196,178,120,113,92,63,71,75,115,141,166,185,172,164,140,121,97,66,71,76,102,161,160,189,174,173,139,142,109,76,53,88,86,159,166,179,164,149,163,118,97,66,81,71,127,202,161,227,198,193,107,125,89,75,79,73,107,154,177,193,181,103,115,92,96,49,69,65,102,136,155
경상북도 영천,144,123,117,88,102,86,64,73,59,73,108,112,144,123,117,88,102,86,64,73,59,73,108,112,144,123,117,88,102,86,64,73,59,73,108,112,144,123,117,88,102,86,64,73,59,73,108,112,160,148,145,91,122,94,74,70,56,66,105,119,126,95,86,85,86,82,53,73,59,83,112,102
경상북도 예천,138,132,86,84,71,74,33,54,49,81,104,109,138,129,86,84,71,74,33,54,49,81,104,109,138,129,86,84,71,74,33,54,49,81,104,109,138,129,86,84,71,74,33,54,49,81,104,109,157,151,86,84,71,74,33,54,49,81,104,109,117,113,86,84,71,74,33,54,49,81,104,109
경상북도 울릉,111,111,67,70,69,72,75,66,58,56,53,50,111,108,67,70,69,72,75,66,58,56,53,50,111,108,67,70,69,72,75,66,58,56,53,50,111,108,67,70,69,72,75,66,58,56,53,50,120,123,67,70,69,72,93,69,47,53,53,50,99,99,67,70,69,72,57,67,68,62,53,50
경상북도 울진,59,86,92,65,65,48,49,59,42,59,74,86,59,86,92,65,65,48,49,59,42,59,74,86,59,86,92,65,65,48,49,59,42,59,74,86,59,86,92,65,65,48,49,59,42,59,74,86,59,91,112,62,76,46,75,75,48,60,75,80,59,77,71,68,55,54,23,46,39,55,71,92
경상북도 의성,35,99,82,77,67,66,26,48,36,63,95,113,35,99,82,77,67,66,26,48,36,63,95,113,35,99,82,77,67,66,26,48,36,63,95,113,35,99,82,77,67,66,26,48,36,63,95,113,35,99,82,77,67,66,26,48,36,63,95,113,35,99,82,77,67,66,26,48,36,63,95,113
경상북도 청도,101,108,90,85,81,73,38,59,47,82,104,117,101,108,90,85,81,73,38,59,47,82,104,117,101,108,90,85,81,73,38,59,47,82,104,117,101,108,90,85,81,73,38,59,47,82,104,117,110,108,90,85,81,73,38,59,47,82,104,117,89,108,90,85,81,73,38,59,47,82,104,117
경상북도 청송,101,120,86,80,60,72,33,47,37,59,83,96,101,117,86,80,60,72,33,47,37,59,83,96,101,117,86,80,60,72,33,47,37,59,83,96,101,117,86,80,60,72,33,47,37,59,83,96,110,132,86,80,60,72,33,47,37,59,83,96,89,108,86,80,60,72,33,47,37,59,83,96
경상북도 칠곡,138,132,120,104,99,90,65,63,59,77,121,138,138,132,120,104,99,90,65,63,59,77,121,138,138,132,120,104,99,90,65,63,59,77,121,178,127,131,113,127,103,104,76,46,48,76,143,124,164,150,144,85,97,77,66,71,66,72,111,128,120,117,103,99,94,88,57,74,62,83,113,124
경상북도 포항,117,134,134,109,118,104,82,82,82,90,102,97,113,108,118,118,120,94,74,78,91,93,129,114,119,106,129,102,122,94,80,62,92,83,125,113,128,127,126,160,137,127,111,63,69,85,135,92,128,126,139,90,118,87,71,77,66,72,99,105,100,98,86,87,83,83,56,76,76,84,92,99
광주광역시,124,158,169,112,113,122,97,95,73,139,110,123,117,116,139,151,130,104,68,79,94,86,122,118,137,104,148,132,128,101,72,69,100,93,143,128,129,143,144,131,103,122,71,66,64,94,167,121,152,159,180,103,116,115,80,82,72,89,103,99,117,95,89,89,85,85,42,64,60,82,92,105
대구광역시,153,165,148,108,123,131,94,103,75,118,100,144,139,120,139,135,126,111,86,79,93,95,145,131,136,113,132,113,122,101,91,60,99,83,139,133,137,132,121,128,103,102,81,58,60,83,150,125,156,153,153,97,115,92,74,74,62,69,104,129,115,116,98,93,98,95,64,73,70,87,109,110
대전광역시,154,176,179,109,136,121,88,92,81,149,127,151,141,124,149,139,124,104,66,74,83,84,126,122,129,118,141,124,126,106,83,57,91,81,123,124,146,140,133,129,104,95,68,55,55,82,165,132,168,170,185,88,112,84,65,70,58,74,106,115,116,107,100,92,80,91,43,50,57,87,97,98
부산광역시,128,156,137,120,149,139,100,108,77,118,102,128,144,133,148,147,146,120,80,99,99,100,142,134,138,123,154,135,145,120,106,76,108,80,131,130,129,142,122,147,116,116,106,70,68,83,125,109,135,132,141,100,122,95,80,87,63,66,86,104,95,100,81,87,83,72,48,88,63,75,82,96
서울특별시,124,174,161,108,111,95,87,100,76,116,96,132,131,114,160,161,143,130,96,100,106,98,136,138,149,130,177,134,135,107,99,60,89,74,108,146,148,143,154,130,111,109,72,52,62,73,136,115,180,162,204,104,139,89,83,73,57,76,100,126,129,125,120,107,92,99,60,65,52,84,114,123
세종특별자치시,154,143,155,114,114,101,72,72,74,86,127,132,151,140,158,123,131,114,87,110,96,90,137,130,149,130,168,127,124,107,90,64,100,90,122,110,137,129,124,124,108,102,72,54,62,73,145,148,193,187,212,97,125,94,65,75,59,83,123,142,140,127,116,98,76,85,44,53,50,95,115,128
울산광역시,127,160,146,124,150,140,104,110,67,109,85,108,115,105,134,142,144,116,89,80,95,91,129,112,120,108,150,136,157,128,122,75,102,74,121,110,115,128,109,142,117,129,120,73,68,88,134,92,123,124,136,97,127,100,86,84,64,60,79,93,87,88,85,87,93,89,56,79,67,75,82,87
인천광역시,146,183,166,144,136,120,103,123,101,146,134,168,136,121,170,165,145,123,92,97,116,105,142,134,145,125,173,139,144,114,106,72,104,84,110,129,135,130,145,118,103,100,74,61,69,81,142,117,161,148,190,103,129,80,88,84,70,83,98,115,123,106,104,87,76,83,63,66,50,79,102,111
전라남도 강진,97,89,72,77,69,77,55,87,64,67,74,81,97,89,72,77,69,77,55,87,64,67,74,81,97,89,72,77,69,77,55,87,64,67,74,81,97,89,72,77,69,77,55,87,64,67,74,81,97,89,72,77,69,85,68,82,64,67,76,80,97,89,72,77,69,69,42,92,64,70,72,85
전라남도 고흥,83,84,78,72,83,69,46,69,56,60,71,71,83,84,78,72,83,69,46,69,56,60,71,71,83,84,78,72,83,69,46,69,56,60,71,71,83,84,78,72,83,69,46,69,56,60,71,71,83,84,87,72,98,84,55,68,56,61,78,74,83,84,67,73,67,53,37,70,56,63,61,68
전라남도 곡성,99,88,75,86,75,74,42,65,56,70,91,88,99,88,75,86,75,74,42,65,56,70,91,88,99,88,75,86,75,74,42,65,56,70,91,88,99,88,75,86,75,74,42,65,56,70,91,88,99,88,75,86,75,74,42,65,56,68,101,94,99,88,75,86,75,74,42,65,56,72,81,83
전라남도 광양,133,157,141,104,117,135,98,96,74,119,88,108,112,116,135,129,128,112,89,106,91,87,110,101,111,106,128,116,117,106,98,68,78,62,103,100,102,120,110,119,105,112,92,65,75,77,110,89,113,132,125,81,97,93,62,69,54,54,73,74,76,77,65,68,68,65,50,80,50,64,74,87
전라남도 구례,112,97,87,87,91,79,57,76,66,70,94,98,112,97,87,87,91,79,57,76,66,70,94,98,112,97,87,87,91,79,57,76,66,70,94,98,112,97,87,87,91,79,57,76,66,70,94,98,112,97,87,87,91,79,61,71,57,66,99,105,112,97,87,87,91,79,53,84,75,70,87,94
전라남도 나주,118,116,121,101,92,98,54,69,61,75,111,92,118,116,121,101,92,98,54,69,61,75,111,92,118,116,121,101,92,98,54,69,61,75,111,92,133,132,131,127,98,122,58,77,75,91,157,102,120,137,158,101,105,103,65,76,45,61,91,84,99,76,70,75,70,66,37,58,59,77,81,94
전라남도 담양,126,136,143,108,102,116,68,65,55,77,110,99,126,136,143,108,102,116,68,65,55,77,110,99,126,136,143,108,102,116,68,65,55,77,110,99,128,134,145,128,113,124,64,60,60,84,155,131,166,181,195,97,102,126,85,77,54,69,99,75,80,90,93,97,94,96,56,62,53,78,72,87
전라남도 목포,120,130,143,104,96,108,99,95,73,140,109,114,114,110,123,131,119,98,61,90,96,83,101,93,104,95,130,111,111,91,83,78,96,82,104,94,103,107,108,109,82,92,72,56,58,74,129,112,131,142,168,86,116,80,70,81,67,82,87,89,110,87,78,79,67,68,45,80,66,71,71,73
전라남도 무안,124,111,108,100,115,104,62,77,79,108,107,94,124,111,108,100,115,104,62,77,79,108,107,94,124,111,108,100,115,104,62,77,79,108,107,94,124,111,108,100,115,104,62,77,79,108,107,94,124,111,112,100,132,111,79,82,90,106,104,101,124,111,102,97,95,93,48,72,71,113,107,90
전라남도 보성,109,101,80,84,67,62,37,62,52,64,82,94,109,101,80,84,67,62,37,62,52,64,82,94,109,101,80,84,67,62,37,62,52,64,82,94,109,101,80,84,67,62,37,62,52,64,82,94,109,101,80,84,67,62,37,62,56,62,86,93,109,101,80,84,67,62,37,62,51,68,74,97
전라남도 순천,102,128,117,89,100,114,89,91,81,126,91,120,125,122,136,133,135,109,80,106,99,84,105,90,99,86,109,104,114,96,89,69,76,60,98,89,108,130,126,128,102,99,73,56,65,76,122,97,112,129,124,76,98,83,54,77,48,52,85,84,84,82,70,73,73,64,41,68,55,63,68,73
전라남도 신안,96,76,88,73,80,64,36,80,48,61,62,69,96,76,88,73,80,64,36,80,48,61,62,69,96,76,88,73,80,64,36,80,48,61,62,69,96,76,88,73,80,64,36,80,48,61,62,69,96,76,104,71,99,62,40,97,44,62,66,68,96,76,69,72,65,62,36,63,54,60,59,69
전라남도 여수,100,127,114,91,108,108,88,96,67,109,78,102,112,109,124,121,128,88,64,90,85,83,101,89,99,87,111,105,110,87,75,64,85,64,107,97,103,117,103,103,80,91,71,51,54,69,107,86,103,123,114,79,102,90,62,78,59,60,79,71,75,76,67,74,69,63,40,78,58,61,65,66
전라남도 영광,136,127,150,106,109,105,62,82,78,102,129,105,136,127,150,106,109,105,62,82,78,102,129,105,136,127,150,106,109,105,62,82,78,102,129,105,136,127,150,106,109,105,62,82,78,102,169,123,149,157,199,117,128,112,68,87,78,102,113,97,124,94,101,98,89,98,54,77,77,99,101,91
전라남도 영암,148,176,193,147,134,148,141,138,114,162,149,145,133,138,161,157,145,123,97,109,111,93,129,122,128,110,155,131,120,101,100,84,98,82,120,118,125,123,116,113,103,117,97,73,78,92,150,123,137,139,170,100,127,91,93,102,79,86,102,116,123,111,105,112,99,99,66,104,87,97,100,107
전라남도 완도,78,97,92,74,80,64,43,67,50,61,65,61,78,97,92,74,80,64,43,67,50,61,65,61,78,97,92,74,80,64,43,67,50,61,65,61,78,97,92,74,80,64,43,67,50,61,65,61,78,115,123,73,101,80,56,66,50,58,76,62,78,76,64,71,60,46,31,65,53,61,57,60
전라남도 장성,125,126,133,102,94,89,53,59,55,80,110,99,125,126,133,102,94,89,53,59,55,80,110,99,125,126,133,102,94,89,53,59,55,80,110,99,112,131,137,119,92,95,63,59,55,79,141,106,152,154,172,104,111,87,47,59,51,70,93,97,115,91,89,84,80,89,48,59,56,91,93,98
전라남도 장흥,112,114,113,78,89,96,54,91,64,73,84,88,112,114,113,78,89,96,54,91,64,73,84,88,112,114,113,78,89,96,54,91,64,73,84,88,112,114,113,78,89,96,54,91,64,73,84,88,129,139,147,74,94,109,56,97,60,70,94,94,99,92,78,86,84,85,56,85,72,76,71,86
전라남도 진도,115,108,106,80,80,66,42,61,55,64,66,68,115,108,106,80,80,66,42,61,55,64,66,68,115,108,106,80,80,66,42,61,55,64,66,68,115,108,106,80,80,66,42,61,55,64,66,68,115,115,124,72,100,80,53,66,54,71,72,74,115,101,85,85,60,51,33,59,56,60,56,61
전라남도 함평,133,128,130,90,94,82,51,69,58,86,93,105,133,128,130,90,94,82,51,69,58,86,93,105,133,128,130,90,94,82,51,69,58,86,93,105,133,128,130,90,94,82,51,69,58,86,93,105,133,138,159,87,114,100,67,76,60,83,96,105,133,114,98,92,72,66,34,61,58,87,90,104
전라남도 해남,102,107,117,83,98,96,56,70,64,78,96,77,102,107,117,83,98,96,56,70,64,78,96,77,102,107,117,83,98,96,56,70,64,78,96,77,102,107,117,83,96,105,56,63,62,80,132,92,115,118,154,85,114,110,74,75,56,74,83,64,93,96,81,84,86,75,42,68,73,79,70,79
전라남도 화순,106,103,108,88,85,80,51,68,56,65,75,77,106,103,108,88,85,80,51,68,56,65,75,77,106,103,108,88,85,80,51,68,56,65,75,77,106,103,108,88,85,80,51,68,56,65,75,77,106,103,128,84,102,93,58,72,53,63,78,77,106,103,86,92,69,67,45,64,56,68,71,77
전라북도 고창,146,146,167,120,120,117,87,89,85,115,121,114,141,128,150,174,165,158,103,118,127,126,173,157,173,126,181,177,146,107,81,74,105,104,121,107,137,131,132,112,95,104,51,42,52,78,151,115,153,162,180,104,119,98,79,77,72,77,78,83,110,92,87,81,82,87,57,72,64,77,85,78
전라북도 군산,148,158,181,126,146,142,114,113,84,163,124,158,154,128,161,160,151,132,76,101,115,100,132,127,136,117,177,145,149,114,87,72,109,92,132,191,135,138,151,150,120,128,70,74,67,104,178,126,177,181,219,120,157,112,82,75,73,97,115,113,122,112,113,100,97,103,61,67,74,103,112,106
전라북도 김제,167,150,174,142,135,136,75,79,88,108,153,136,176,142,184,194,166,164,79,103,121,123,165,150,163,136,196,154,151,130,80,70,110,107,151,138,171,159,159,145,119,148,70,59,54,89,189,136,178,182,208,112,132,114,86,87,75,105,130,126,143,125,120,106,99,122,64,74,79,116,131,131
전라북도 남원,157,171,167,118,117,121,83,79,71,98,117,134,146,136,144,156,136,120,80,104,98,95,168,161,171,142,183,130,129,107,90,70,94,80,149,155,175,173,143,120,83,102,58,51,52,79,156,139,176,193,187,115,119,94,54,67,54,59,93,101,108,94,85,86,82,84,50,70,59,75,79,96
전라북도 무주,122,116,120,81,86,90,47,47,46,60,92,94,122,116,120,81,86,90,47,47,46,60,92,94,122,116,120,81,86,90,47,47,46,60,92,94,122,116,120,81,86,90,47,46,50,60,125,104,148,145,153,76,92,83,48,45,38,49,75,93,96,86,90,89,84,99,49,54,48,67,76,88
전라북도 부안,167,147,167,133,124,123,78,111,98,170,158,168,173,140,170,179,156,146,79,97,118,115,164,143,154,127,180,151,155,118,79,68,106,107,152,138,179,163,152,127,96,107,50,84,64,108,180,148,193,193,226,118,146,110,81,80,77,100,120,114,135,114,108,94,87,94,55,62,72,108,110,101
전라북도 순창,138,140,137,92,104,98,57,76,71,84,118,108,138,140,137,92,104,98,57,76,71,84,118,108,138,140,137,92,104,98,57,76,71,84,118,108,138,140,137,92,104,98,57,76,71,84,148,120,154,172,180,99,110,99,60,94,92,80,95,105,120,109,91,88,97,96,53,62,53,91,107,103
전라북도 완주,137,146,154,120,113,122,66,66,60,78,110,101,137,146,154,120,113,122,66,66,60,78,110,101,137,146,154,120,113,122,66,66,60,78,110,101,137,158,154,137,98,112,57,45,51,66,143,107,165,165,185,109,129,118,76,78,63,79,93,92,109,114,127,117,114,136,61,73,62,86,92,107
전라북도 익산,180,186,218,160,175,183,87,87,102,218,168,203,192,165,215,201,149,134,89,118,158,148,208,198,209,187,254,202,189,150,96,67,123,130,172,140,151,149,169,148,113,145,68,66,71,115,217,155,215,209,232,131,156,119,82,81,82,106,137,127,148,129,121,104,99,105,57,65,71,112,123,135
전라북도 임실,153,148,146,107,100,103,53,64,60,54,94,117,153,148,146,107,100,103,53,64,60,54,94,117,153,148,146,107,100,103,53,64,60,54,94,117,153,148,146,107,100,103,53,63,71,93,177,131,182,192,195,110,104,97,53,63,51,65,108,117,124,107,99,101,95,109,53,67,62,0,0,103
전라북도 장수,163,139,145,105,93,94,44,64,60,75,106,112,163,139,145,105,93,94,44,64,60,75,106,112,163,139,145,105,93,94,44,64,60,75,106,112,163,139,145,105,93,94,44,64,60,75,106,117,175,178,188,108,103,88,44,65,60,75,120,124,152,97,102,99,82,100,47,61,61,75,96,92
전라북도 전주,168,181,184,117,133,138,83,82,79,120,142,151,174,165,177,152,216,189,93,111,120,121,166,148,167,146,186,142,130,118,97,74,97,92,152,132,152,169,171,148,117,149,76,65,64,104,213,160,207,206,213,119,122,120,72,88,83,114,138,129,156,135,113,99,99,118,57,63,56,90,99,107
전라북도 정읍,149,154,173,115,116,127,86,91,84,121,123,133,153,136,165,150,128,127,75,83,87,96,131,147,164,127,178,154,140,115,77,73,116,105,141,120,150,148,156,130,109,130,71,74,73,87,157,119,146,155,173,98,106,110,82,87,74,89,105,104,124,96,102,88,92,119,66,84,71,94,102,98
전라북도 진안,134,136,135,102,90,102,57,61,50,67,109,100,134,136,135,102,90,102,57,61,50,67,109,100,134,136,135,102,90,102,57,61,50,67,109,100,134,139,131,117,81,86,54,52,46,72,151,113,163,163,182,99,104,118,75,78,58,63,101,102,109,106,93,93,86,106,43,55,45,64,75,85
제주특별자치도 서귀포,107,121,122,110,103,91,69,71,76,77,72,106,111,106,117,118,115,73,56,66,81,81,89,89,88,99,115,113,101,94,61,65,76,72,102,94,92,114,112,133,99,89,81,65,63,77,96,69,89,101,125,86,91,82,66,78,53,70,83,75,83,92,78,97,92,69,46,80,61,74,63,61
제주특별자치도 제주,123,138,155,117,108,116,102,102,75,108,116,123,135,140,146,160,155,116,74,73,99,96,100,98,103,105,131,134,113,112,85,90,111,87,126,115,92,106,112,125,98,101,73,63,66,82,117,93,114,130,155,109,113,100,81,90,76,85,92,81,95,101,87,95,98,67,51,60,70,82,73,73
충청남도 계룡,137,127,132,98,93,84,53,58,53,69,103,106,137,127,132,98,93,84,53,58,53,69,103,106,137,127,132,98,93,84,53,58,53,69,103,106,137,127,121,100,74,76,53,44,48,61,122,98,147,138,165,90,121,86,64,69,54,69,101,116,126,116,113,101,81,87,45,58,54,77,88,105
충청남도 공주,154,138,151,105,106,104,61,54,66,87,128,132,154,138,151,105,106,104,61,54,66,87,128,132,154,138,151,105,106,104,83,50,102,90,134,135,155,129,137,116,97,99,48,54,57,75,157,122,168,165,199,104,133,112,68,51,46,85,114,136,135,124,115,99,89,97,50,57,57,95,111,130
충청남도 금산,143,127,139,110,101,101,61,61,63,81,127,132,143,127,139,110,101,101,61,61,63,81,127,132,143,127,139,110,101,101,61,61,63,81,127,133,122,114,118,112,91,93,69,53,61,56,131,107,148,128,166,102,111,99,51,66,69,102,138,145,155,140,129,120,102,112,59,60,58,88,116,143
충청남도 논산,144,142,145,97,100,96,68,64,71,84,116,114,144,142,145,97,100,96,68,64,71,84,116,114,144,142,148,97,100,96,89,68,103,96,124,117,128,122,116,115,97,104,69,49,59,69,133,114,179,154,184,87,116,89,71,80,65,79,103,102,125,146,135,93,89,99,51,62,58,94,108,119
충청남도 당진,144,161,177,119,129,122,97,88,89,106,125,131,144,132,173,148,149,144,92,120,126,131,144,130,134,118,164,141,154,117,100,89,115,82,111,121,158,147,148,129,130,128,68,63,67,96,187,152,201,199,255,146,172,128,93,89,86,125,140,157,161,148,146,114,116,111,79,70,74,113,138,135
충청남도 보령,150,135,140,97,99,92,62,59,71,89,129,120,150,135,140,97,99,92,62,59,71,89,129,120,150,135,140,97,99,92,78,55,110,98,127,125,144,116,127,106,92,101,56,46,55,72,161,117,160,147,168,92,123,89,62,73,62,96,115,123,142,140,121,97,85,83,53,60,60,97,114,120
충청남도 부여,139,138,140,109,108,102,75,75,75,88,118,112,139,138,140,109,108,102,75,75,75,88,118,112,139,138,140,109,108,102,97,77,97,92,121,116,132,120,113,115,96,102,67,57,63,74,135,100,148,150,173,94,132,100,77,91,66,83,106,118,136,147,131,115,98,106,61,76,67,97,105,110
충청남도 서산,122,137,147,99,105,98,82,88,88,107,102,103,113,110,136,122,125,114,75,100,110,103,105,81,92,83,132,124,131,109,90,77,105,92,103,102,121,125,117,96,84,91,61,53,65,68,123,92,131,119,151,91,117,82,74,83,72,94,100,109,123,115,111,97,82,84,64,67,63,85,94,103
충청남도 서천,135,146,139,100,96,82,58,65,63,83,115,110,135,146,139,100,96,82,58,65,63,83,115,110,135,146,139,100,96,82,58,65,63,83,115,110,135,146,112,99,80,83,54,47,54,70,134,101,133,157,176,98,126,85,70,84,68,86,100,110,134,135,126,106,84,80,52,64,63,92,109,118
충청남도 아산,146,148,175,120,127,103,73,74,60,89,155,158,166,148,180,147,127,114,83,83,91,134,177,165,156,148,187,147,122,87,103,82,112,108,174,172,187,149,155,132,121,110,56,51,60,82,201,141,204,194,242,138,165,127,94,86,76,120,151,155,163,151,146,117,120,111,70,67,69,119,140,141
충청남도 예산,162,145,149,108,104,101,70,60,72,90,137,128,162,145,149,108,104,101,70,60,72,90,137,128,162,145,149,108,104,101,81,48,92,85,109,106,133,106,110,94,85,101,62,55,65,82,182,134,193,185,219,121,134,107,80,76,70,103,123,134,160,142,118,108,95,94,61,66,59,97,129,132
충청남도 천안,167,177,185,116,119,141,101,116,97,170,153,168,149,131,169,169,134,120,83,106,106,108,148,147,162,133,186,140,141,121,101,76,111,116,134,142,163,151,159,123,98,95,69,54,63,89,203,146,206,197,236,120,142,101,82,87,71,86,125,143,157,146,129,104,88,95,61,66,64,112,131,141
충청남도 청양,152,145,152,105,101,91,57,61,55,90,133,127,152,145,152,105,101,91,57,61,55,90,133,127,152,145,152,105,101,91,57,61,55,90,133,129,130,117,126,107,84,86,51,59,61,87,170,129,187,180,214,111,130,103,68,66,51,88,113,123,138,134,118,96,85,88,51,55,55,96,112,122
충청남도 태안,120,114,120,97,91,79,68,70,73,78,98,91,120,114,120,97,91,79,68,70,73,78,98,91,120,114,120,97,91,79,89,75,104,83,96,96,111,114,110,108,95,99,66,56,63,65,112,78,146,134,155,88,111,75,71,87,70,89,91,91,107,96,97,93,67,66,48,59,54,75,97,103
충청남도 홍성,162,138,154,106,107,96,67,67,82,107,142,132,162,138,154,106,107,96,67,67,82,107,142,132,162,138,154,106,107,96,84,69,132,119,136,135,159,125,140,114,99,104,51,61,62,94,189,139,179,164,194,100,128,92,80,81,74,107,121,128,144,128,124,104,94,90,60,62,62,106,125,127
충청북도 괴산,134,157,166,104,95,91,51,68,56,92,127,138,134,157,166,104,95,91,51,68,56,92,127,138,134,157,166,104,95,91,51,68,56,92,127,138,134,157,166,104,95,91,51,68,56,92,127,138,134,192,210,96,110,93,56,84,59,98,146,139,134,123,121,113,83,89,47,52,56,89,111,133
충청북도 단양,160,162,156,103,112,98,67,65,69,97,120,129,134,116,143,120,107,82,51,52,79,86,145,139,156,141,144,111,121,101,70,40,80,69,131,144,157,143,126,124,99,98,100,59,59,100,164,154,199,183,198,111,133,108,77,86,77,95,152,149,141,114,111,90,72,90,41,59,48,76,89,119
충청북도 보은,182,172,169,114,96,82,38,56,48,78,118,144,182,172,169,114,96,82,38,56,48,78,118,144,182,172,169,114,96,82,38,56,48,78,118,144,182,172,169,114,96,82,38,56,48,78,118,144,224,204,209,100,119,83,43,64,48,74,114,149,144,137,132,125,77,85,31,44,45,86,119,140
충청북도 영동,161,163,162,113,109,105,65,60,62,76,128,133,161,163,162,113,109,105,65,60,62,76,128,133,161,163,162,113,109,105,65,60,62,76,128,133,161,163,162,120,116,101,84,60,75,79,174,143,197,205,217,117,123,117,71,74,62,71,108,130,128,121,111,103,84,96,40,50,50,82,105,123
충청북도 옥천,166,158,155,119,112,104,64,57,70,91,141,144,166,158,155,119,112,104,64,57,70,91,141,144,166,158,155,140,125,104,63,43,82,74,131,132,142,134,130,119,105,103,81,65,66,92,185,160,203,205,211,112,130,117,72,74,65,91,129,153,149,133,122,108,88,90,39,50,69,106,117,127
충청북도 음성,146,166,176,116,112,106,61,66,58,100,137,148,146,166,176,116,112,106,61,66,58,100,137,148,146,166,176,116,112,106,61,66,58,100,137,148,146,166,176,116,112,106,61,66,58,100,137,148,146,202,222,114,139,114,74,68,57,97,149,148,146,134,128,121,86,97,49,61,61,106,128,146
충청북도 제천,158,184,181,118,123,103,72,66,68,101,123,137,144,128,162,131,114,83,51,50,76,85,157,151,170,160,171,133,134,101,79,36,87,95,156,162,175,149,151,144,118,109,87,64,69,93,167,143,190,174,192,105,125,93,72,79,63,89,131,145,130,129,113,102,76,98,50,44,47,94,105,125
충청북도 증평,192,172,166,131,127,117,77,82,72,121,159,152,192,172,166,131,127,117,77,82,72,121,159,152,192,172,166,131,127,117,77,82,72,121,159,152,192,172,166,165,133,128,95,87,61,128,185,153,222,207,217,124,153,124,78,91,69,101,152,151,158,138,116,106,99,102,55,66,86,130,142,153
충청북도 진천,179,155,167,122,120,110,72,66,75,96,148,145,179,155,167,122,120,110,54,72,91,103,155,166,177,152,185,140,131,106,87,60,95,83,137,140,170,138,152,127,111,103,73,54,59,94,190,145,210,191,199,109,134,115,86,84,73,95,131,147,155,139,134,118,107,118,62,55,58,97,125,123
충청북도 청주,189,192,196,127,153,128,90,101,84,168,144,181,172,148,187,168,144,118,60,71,96,115,171,169,179,151,186,144,137,119,79,50,112,101,161,160,190,156,162,144,122,122,86,63,63,107,203,154,206,205,211,111,134,113,76,77,69,94,128,149,150,138,123,104,96,100,53,55,64,110,129,134
충청북도 충주,166,174,176,116,114,100,67,62,73,103,122,149,148,124,163,150,117,103,52,55,80,99,158,153,176,154,170,132,133,107,71,43,101,89,150,153,166,150,157,143,124,110,93,67,72,108,179,151,207,185,204,107,136,118,77,75,55,82,121,138,137,127,112,104,87,96,46,60,53,89,111,128
